<?xml version="1.0"?>
<processing xmlns="http://kabeja.org/processing/1.0" xmlns:xi="http://www.w3.org/2001/XInclude">
	<!--+
	    | The processing configuration  
	    +-->
	<configuration>
	    <!--+
	        | If you want to configure the parser you can change the parser.xml and use it here or
                | register your own parser for other input formats
                |  <parsers>
	        |   <xi:include href="conf/parser.xml"/>
	        |  </parsers>
	        +-->
		<postprocessors>
			<postprocessor class="org.kabeja.processing.BoundsDebugger" name="bounds.debugger"/>
			<!--  removes all image entities if the images file does not exists -->
			<postprocessor class="org.kabeja.processing.ImageFilter" name="image.filter"/>
			<postprocessor class="org.kabeja.processing.BoundsFilter" name="bounds.filter"/>
			 <!-- allows you to remove layers from the draft and merge all layers to one -->
			<postprocessor class="org.kabeja.processing.LayerFilter" name="layer.filter"/>
                         <!--  converts lines,arcs and polylines to a single polyline, if they have the same points -->
			<postprocessor class="org.kabeja.processing.PolylineConverter" name="polyline.converter"/>
			<!-- removes invisible entities -->		
			<postprocessor class="org.kabeja.processing.VisibilityFilter" name="visibility.filter"/>

			

		</postprocessors>
		
		<filters>

	    </filters>
		
		<serializers>
			<serializer class="org.kabeja.xml.SAXPrettyOutputter" name="svg"/>
		</serializers>
		
		<generators>
	
		</generators>
		
	</configuration>
	
	<!--+
	    | The processing pipelines 
	    +-->
	
	<pipelines>
	
	
	</pipelines>
</processing>
